{
  "Version": "2012-10-17",
  "Statement": [
    {
      "Sid": "DenyDeleteAllBuckets",
      "Action": [
        "s3:DeleteBucket"
      ],
      "Effect": "Deny",
      "Resource": [
        "arn:aws:s3:::*"
      ]
    },
    {
      "Sid": "AllowApiGatewayGetApiKeys",
      "Action": [
        "apigateway:GET"
      ],
      "Effect": "Allow",
      "Resource": [
        "arn:aws:apigateway:us-west-2::/apikeys"
      ]
    },
    {
      "Sid": "AllowListTopicsSNS",
      "Action": [
        "sns:ListTopics"
      ],
      "Effect": "Allow",
      "Resource": ["*"]
    },
    {
      "Sid": "AllowSubscribeToSNS",
      "Action": [
        "sns:Subscribe",
        "sns:ConfirmSubscription",
        "sns:ListSubscriptionsByTopic",
        "sns:SetSubscriptionAttributes",
        "sns:GetSubscriptionAttributes"
      ],
      "Effect": "Allow",
      "Resource": ${sns_subscribers_list}
    },
    {
      "Sid": "AllowPublishToSNS",
      "Action": [
        "sns:Publish"
      ],
      "Effect": "Allow",
      "Resource": ${sns_publishers_list}
    },
    {
      "Sid": "SQSAccessForMonolith",
      "Effect": "Allow",
      "Action": [
        "sqs:SendMessage",
        "sqs:SendMessageBatch"
      ],
      "Resource": ${sqs_queues_list}
    },
    {
      "Sid": "AllowListBucket",
      "Effect": "Allow",
      "Action": [
          "s3:ListBucket"
      ],
      "Resource": ${pulse_buckets_names_list}
    },
    {
      "Sid": "AllowS3BucketActions",
      "Effect": "Allow",
      "Action": [
        "s3:GetObject",
        "s3:PutObject",
        "s3:DeleteObject"
      ],
      "Resource": ${pulse_buckets_names_content}
    }    
  ]
}