{
  "Version": "2012-10-17",
  "Statement": [
      {
        "Sid": "DenyDeleteAllBuckets",
        "Action": [
          "s3:DeleteBucket"
        ],
        "Effect": "Deny",
        "Resource": [
          "arn:aws:s3:::*"
        ]
      },
      {
        "Sid": "AllowApiGatewayGetApiKeys",
        "Action": [
          "apigateway:GET"
        ],
        "Effect": "Allow",
        "Resource": [
          "arn:aws:apigateway:us-west-2::/apikeys"
        ]
      },
      {
        "Sid": "AllowListBucket",
        "Effect": "Allow",
        "Action": [
            "s3:ListBucket"
        ],
        "Resource": ${pulse_buckets_names_list}
      },
      {
        "Sid": "AllowS3BucketActions",
        "Effect": "Allow",
        "Action": [
          "s3:GetObject",
          "s3:PutObject",
          "s3:DeleteObject"
        ],
        "Resource": ${pulse_buckets_names_content}
      }
  ]
}