{
  "Version": "2012-10-17",
  "Statement": [
      {
        "Sid": "AllowPutAndGet",
        "Action": [
            "s3:ListBucket",
            "s3:PutObject",
            "s3:GetObject"
        ],
        "Effect": "Allow",
        "Resource": ${pulse_buckets_names_mix}
      },
      {
        "Sid": "DenyDeleteAllBuckets",
        "Action": [
          "s3:DeleteBucket"
        ],
        "Effect": "Deny",
        "Resource": [
          "arn:aws:s3:::*"
        ]
      },
      {
        "Sid": "AllowListTopicsSNS",
        "Action": [
          "sns:ListTopics"
        ],
        "Effect": "Allow",
        "Resource": ["*"]
      },
      {
        "Sid": "AllowSubscribeToSNS",
        "Action": [
          "sns:Subscribe",
          "sns:ConfirmSubscription",
          "sns:ListSubscriptionsByTopic",
          "sns:SetSubscriptionAttributes",
          "sns:GetSubscriptionAttributes"
        ],
        "Effect": "Allow",
        "Resource": ${sns_subscribers_list}
      },
      {
        "Sid": "AllowPublishToSNS",
        "Action": [
          "sns:Publish"
        ],
        "Effect": "Allow",
        "Resource": ${sns_publishers_list}
      }
  ]
}