{
  "Version": "2012-10-17",
  "Statement": [
    {
      "Effect": "Allow",
      "Principal": {
        "Service": ${principal_services}
      },
      "Action": "sts:AssumeRole",
      "Condition": {
        "StringEquals": {
          "aws:ResourceOrgID": "o-juy864u9b5"
        }
      }
    },
    {
      "Effect": "Allow",
      "Principal": {
          "AWS": [
              "arn:aws:iam::790110701330:role/serverless-customer-resource-role"
          ]
      },
      "Action": "sts:AssumeRole",
      "Condition": {
          "StringEquals": {
              "sts:ExternalId": "${databricks_workspace_o_id}"
          }
      }
  }
  ]
}
