{
    "Version": "2012-10-17",
    "Statement": [
      {
        "Sid": "DatabricksAutoLoaderSetupFromDbDocs",
        "Effect": "Allow",
        "Action": [
          "s3:GetBucketNotification",
          "s3:PutBucketNotification",
          "sns:ListSubscriptionsByTopic",
          "sns:GetTopicAttributes",
          "sns:SetTopicAttributes",
          "sns:CreateTopic",
          "sns:TagResource",
          "sns:Publish",
          "sns:Subscribe",
          "sqs:CreateQueue",
          "sqs:DeleteMessage",
          "sqs:ReceiveMessage",
          "sqs:SendMessage",
          "sqs:GetQueueUrl",
          "sqs:GetQueueAttributes",
          "sqs:SetQueueAttributes",
          "sqs:TagQueue",
          "sqs:ChangeMessageVisibility"
        ],
        "Resource": [
          "arn:aws:s3:::${databricks_file_notification_bucket}",
          "arn:aws:sqs:us-west-2:${account_id}:databricks-auto-ingest-*",
          "arn:aws:sns:us-west-2:${account_id}:databricks-auto-ingest-*"
        ]
      },
      {
        "Sid": "DatabricksAutoLoaderList",
        "Effect": "Allow",
        "Action": [
          "sqs:ListQueues",
          "sqs:ListQueueTags",
          "sns:ListTopics"
        ],
        "Resource": [
          "arn:aws:sqs:us-west-2:${account_id}:*",
          "arn:aws:sns:us-west-2:${account_id}:*"
        ]
      },
      {
        "Sid": "DatabricksAutoLoaderTeardown",
        "Effect": "Allow",
        "Action": [
          "sns:Unsubscribe",
          "sns:DeleteTopic",
          "sqs:DeleteQueue"
        ],
        "Resource": [
          "arn:aws:sqs:us-west-2:${account_id}:databricks-auto-ingest-*",
          "arn:aws:sns:us-west-2:${account_id}:databricks-auto-ingest-*"
        ]
      }
    ]
  }
  