{
    "Version": "2012-10-17",
    "Statement": [
        {
            "Sid": "ListAllBuckets",
            "Effect": "Allow",
            "Action": "s3:ListAllMyBuckets",
            "Resource": "arn:aws:s3:::*"
        },  
        {
            "Effect": "Allow",
            "Action": [
                "s3:GetObject",
                "s3:GetObjectVersion",
                "s3:GetBucketLocation"
            ],
            "Resource": ${pulse_buckets_names_content}
        },
        {
            "Effect": "Allow",
            "Action": [
                "s3:ListBucket"
            ],
            "Resource": ${pulse_buckets_names_list}
        }
    ]
}
