{
  "Version": "2012-10-17",
  "Statement": [
    {
      "Sid": "AllowActionsToSourceBuckets",
      "Effect": "Allow",
      "Action": [
        "s3:GetBucketLocation",
        "s3:ListBucket",
        "s3:GetObject",
        "s3:GetObjectTagging",
        "s3:GetObjectVersion"
      ],
      "Resource":  ${jsonencode(flatten([for bucket in source_buckets : ["arn:aws:s3:::${bucket}", "arn:aws:s3:::${bucket}/*"]]))}
    },
    {
      "Sid": "AllowActionsToDestinationBuckets",
      "Effect": "Allow",
      "Action": [
        "s3:PutObject",
        "s3:ListBucket",
        "s3:GetObject",
        "s3:DeleteObject",
        "s3:GetObjectTagging",
        "s3:GetBucketLocation",
        "s3:ListBucketMultipartUploads",
        "s3:AbortMultipartUpload",
        "s3:ListMultipartUploadParts",
        "s3:PutObjectTagging"
      ],
      "Resource":  ${jsonencode(flatten([for bucket in destination_buckets : ["arn:aws:s3:::${bucket}", "arn:aws:s3:::${bucket}/*"]]))}
    }
  ]
}
