{
  "Version": "2012-10-17",
  "Statement": [
    {
      "Sid": "ListAllBuckets",
      "Effect": "Allow",
      "Action": [
        "s3:ListAllMyBuckets",
        "s3:GetBucketLocation"
      ],
      "Resource": "arn:aws:s3:::*"
    },  
    {
      "Sid": "SaveReadFromRawAndWriteToProcessed",
      "Effect": "Allow",
      "Action": [
        "s3:GetObject",
        "s3:PutObject",
        "s3:ListBucket"
      ],
      "Resource": [
        "arn:aws:s3:::vas-data-repo-raw-us-west-2-data/*",
        "arn:aws:s3:::vas-data-repo-raw-us-west-2-data",
        "arn:aws:s3:::vas-data-repo-processed-us-west-2-data/*",
        "arn:aws:s3:::vas-data-repo-processed-us-west-2-data",
        "arn:aws:s3:::vas-data-scripts-us-west-2-data/*",
        "arn:aws:s3:::vas-data-scripts-us-west-2-data",
        "arn:aws:s3:::vas-data-kpis-us-west-2-data/*",
        "arn:aws:s3:::vas-data-kpis-us-west-2-data"
      ]
    },
    {
      "Sid": "GlueEditPermissions",
      "Effect": "Allow",
      "Action": [
        "glue:CreateScript",
        "glue:StartJobRun",
        "glue:BatchStopJobRun",
        "glue:GetJobRun",
        "glue:GetJobRuns",
        "glue:GetJob",
        "glue:GetJobs",
        "glue:CreateJob",
        "glue:UpdateJob",
        "glue:DeleteJob",
        "glue:CreateCrawler",
        "glue:CreateConnection",
        "glue:GetDatabases",
        "glue:CreateDatabase",
        "glue:GetConnections",
				"glue:GetCrawler",
        "glue:GetCrawlers",
				"glue:ListCrawlers",
				"glue:GetCrawlerMetrics",
				"glue:DeleteCrawler",
				"glue:UpdateCrawler",
				"glue:UpdateCrawlerSchedule",
				"glue:StopCrawler",
				"glue:StartCrawlerSchedule",
				"glue:StartCrawler",
				"glue:StopCrawlerSchedule",
				"glue:BatchGetCrawlers",
        "glue:ListCrawls",
        "glue:CreateSession",
        "glue:GetTags",
        "glue:GetSession",
        "glue:UseGlueStudio"
      ],
      "Resource": "*"
    },
    {
      "Sid": "GlueJobChooseRolePermissions",
      "Effect": "Allow",
      "Action": [
        "iam:ListRoles",
        "iam:ListUsers",
        "iam:ListGroups",
        "iam:ListRolePolicies",
        "iam:GetRole",
        "iam:GetRolePolicy"
      ],
      "Resource": "*"
    },
    {
      "Sid": "DataDevGlueJobPassRole",
      "Effect": "Allow",
      "Action": [
				"iam:PassRole"
      ],
      "Resource": "arn:aws:iam::${account_id}:role/pulse-glue-data-lake-role",
      "Condition": {
        "StringEquals": {
          "iam:PassedToService": "glue.amazonaws.com"
        }
      }
    },
    {
      "Sid": "EMRPermissions",
      "Effect": "Allow",
      "Action": [

        "cloudformation:CreateStack",
        "cloudformation:DescribeStackEvents",
        "ec2:AuthorizeSecurityGroupIngress",
        "ec2:AuthorizeSecurityGroupEgress",
        "ec2:CancelSpotInstanceRequests",
        "ec2:CreateRoute",
        "ec2:CreateSecurityGroup",
        "ec2:CreateTags",
        "ec2:DeleteRoute",
        "ec2:DeleteTags",
        "ec2:DeleteSecurityGroup",
        "ec2:DescribeAvailabilityZones",
        "ec2:DescribeAccountAttributes",
        "ec2:DescribeInstances",
        "ec2:DescribeKeyPairs",
        "ec2:DescribeRouteTables",
        "ec2:DescribeSecurityGroups",
        "ec2:DescribeSpotInstanceRequests",
        "ec2:DescribeSpotPriceHistory",
        "ec2:DescribeSubnets",
        "ec2:DescribeVpcAttribute",
        "ec2:DescribeVpcs",
        "ec2:DescribeRouteTables",
        "ec2:DescribeNetworkAcls",
        "ec2:CreateVpcEndpoint",
        "ec2:ModifyImageAttribute",
        "ec2:ModifyInstanceAttribute",
        "ec2:RequestSpotInstances",
        "ec2:RevokeSecurityGroupEgress",
        "ec2:RunInstances",
        "ec2:TerminateInstances",
        "elasticmapreduce:*",
        "iam:GetPolicy",
        "iam:GetPolicyVersion",
        "iam:ListRoles",
        "iam:PassRole",
        "kms:List*",
        "sdb:*",


        "elasticmapreduce:DescribeCluster",
        "elasticmapreduce:ListClusters",
        "elasticmapreduce:TerminateJobFlows",
        "elasticmapreduce:AddJobFlowSteps",
        "elasticmapreduce:DescribeStep",
        "elasticmapreduce:ListSteps",
        "elasticmapreduce:CancelSteps",
        "elasticmapreduce:ModifyInstanceFleet",
        "elasticmapreduce:ModifyInstanceGroups",
        "elasticmapreduce:ModifyCluster",
        "elasticmapreduce:ListInstanceFleets",
        "elasticmapreduce:ListInstanceGroups",
        "elasticmapreduce:ListBootstrapActions",
        "elasticmapreduce:ListInstances",
        "elasticmapreduce:ListSecurityConfigurations",
        "elasticmapreduce:ListSteps",
        "elasticmapreduce:ListSupportedProducts",
        "elasticmapreduce:ListTags",
        "elasticmapreduce:ViewEventsFromAllClustersInConsole",
        "elasticmapreduce:ListReleaseLabels",
        "elasticmapreduce:DescribeReleaseLabel",
        "elasticmapreduce:ListSupportedInstanceTypes",
        "elasticmapreduce:RunJobFlow",
        "elasticmapreduce:GetAutoTerminationPolicy",
        "ec2:DescribeInstanceTypes"
      ],
      "Resource": "*"
    },
    {
      "Sid": "EMRPickKeyPair",
      "Effect": "Allow",
      "Action": [
          "ec2:DescribeKeyPairs"
      ],
      "Resource": "*"
    },
    {
      "Sid": "EMRConsoleUIActions",
      "Effect": "Allow",
      "Action": [
          "ec2:DescribeAvailabilityZones",
          "ec2:DescribeImages",
          "ec2:DescribeNatGateways",
          "ec2:DescribeRouteTables",
          "ec2:DescribeSecurityGroups",
          "ec2:DescribeSubnets",
          "ec2:DescribeVpcs",
          "ec2:DescribeVpcEndpoints"          
      ],
      "Resource": "*"
    },
    {
      "Sid": "CloudwatchPermissions",
      "Effect": "Allow",
      "Action": [
        "logs:DescribeLogGroups",
        "logs:DescribeLogStreams",
        "cloudwatch:GetMetricData"
      ],
      "Resource": "*"
    },
    {
      "Sid": "AthenaAccess",
      "Effect": "Allow",
      "Action": [
          "athena:StartQueryExecution",
          "athena:GetQueryExecution",
          "athena:GetQueryResults",
          "athena:ListQueryExecutions",
          "athena:GetWorkGroup",
          "athena:ListWorkGroups",
          "athena:*NamedQuery",
          "athena:*PreparedStatement",
          "athena:BatchGetQueryExecution",
          "athena:ListNamedQueries"
      ],
      "Resource": "*"
    },
    {
      "Sid": "GlueAthenaAccess",
      "Effect": "Allow",
      "Action": [
          "glue:GetTable",
          "glue:GetTables",
          "glue:GetDatabase",
          "glue:GetDatabases",
          "glue:CreateDatabase",
          "glue:DeleteDatabase",
          "glue:CreateTable",
          "glue:DeleteTable",
          "glue:BatchCreatePartition",
          "glue:BatchDeletePartition",
          "glue:UpdateTable",
          "glue:UpdatePartition"
      ],
      "Resource": "*"
    }
  ]
}