{
  "Version": "2012-10-17",
  "Statement": [
    {
      "Sid": "ListAllBuckets",
      "Effect": "Allow",
      "Action": "s3:ListAllMyBuckets",
      "Resource": "arn:aws:s3:::*"
    },  
    {
      "Sid": "SaveReadFromRawAndWriteToProcessed",
      "Effect": "Allow",
      "Action": [
        "s3:GetObject",
        "s3:ListBucket"
      ],
      "Resource": [
        "arn:aws:s3:::vas-data-repo-raw-us-west-2-data/*",
        "arn:aws:s3:::vas-data-repo-raw-us-west-2-data",
        "arn:aws:s3:::vas-data-repo-processed-us-west-2-data/*",
        "arn:aws:s3:::vas-data-repo-processed-us-west-2-data",
        "arn:aws:s3:::vas-data-kpis-us-west-2-data/*",
        "arn:aws:s3:::vas-data-kpis-us-west-2-data"        
      ]
    },
    {
      "Sid": "GlueEditPermissions",
      "Effect": "Allow",
      "Action": [
        "glue:GetJobRun",
        "glue:GetJobRuns",
        "glue:GetJobs",
        "glue:GetConnections",
        "glue:GetCrawlers",
        "glue:GetCrawler",
        "glue:GetCrawlers",
        "glue:ListCrawlers",
        "glue:GetCrawlerMetrics",
        "glue:StopCrawler",
        "glue:StartCrawlerSchedule",
        "glue:StopCrawlerSchedule",
        "glue:BatchGetCrawlers",
        "glue:ListCrawls"
      ],
      "Resource": "*"
    },
    {
      "Sid": "EMRPermissions",
      "Effect": "Allow",
      "Action": [
        "elasticmapreduce:DescribeCluster",
        "elasticmapreduce:ListClusters",
        "elasticmapreduce:AddJobFlowSteps",
        "elasticmapreduce:DescribeStep",
        "elasticmapreduce:ListSteps",
        "elasticmapreduce:ListInstanceFleets",
        "elasticmapreduce:ListInstanceGroups",
        "elasticmapreduce:ListBootstrapActions",
        "elasticmapreduce:ListInstances",
        "elasticmapreduce:ListSecurityConfigurations",
        "elasticmapreduce:ListSteps",
        "elasticmapreduce:ListSupportedProducts",
        "elasticmapreduce:ListTags",
        "elasticmapreduce:ViewEventsFromAllClustersInConsole"
      ],
      "Resource": "*"
    },
    {
      "Sid": "AthenaAccess",
      "Effect": "Allow",
      "Action": [
          "athena:StartQueryExecution",
          "athena:GetQueryExecution",
          "athena:GetQueryResults",
          "athena:ListQueryExecutions",
          "athena:GetWorkGroup",
          "athena:ListWorkGroups",
          "athena:*NamedQuery",
          "athena:*PreparedStatement"
      ],
      "Resource": "*"
    },
    {
      "Sid": "GlueAthenaAccess",
      "Effect": "Allow",
      "Action": [
          "glue:GetTable",
          "glue:GetTables",
          "glue:GetDatabase",
          "glue:GetDatabases"
      ],
      "Resource": "*"
    }
  ]
}