{
    "Version": "2012-10-17",
    "Statement": [
        {
            "Effect": "Allow",
            "Action": [
                "kms:Decrypt",
                "kms:DescribeKey"
            ],
            "Resource": [
                "arn:aws:kms:${region}:${account_id}:key/${kms_alias}"
            ]
        },
        {
            "Action": [
                "secretsmanager:GetSecretValue",
                "secretsmanager:ListSecrets",
                "secretsmanager:DescribeSecret"
            ],
            "Effect": "Allow",
            "Resource": "arn:aws:secretsmanager:${region}:${account_id}:secret:service/*",
            "Sid": "AllowSecret"
        }
    ]
}