{
    "Version": "2012-10-17",
    "Statement": [
        {
            "Action": [
                "s3:ListBucket",
                "s3:PutObject",
                "s3:GetObject",
                "s3:DeleteObject",
                "s3:*Object*",
                "s3:PutObjectAcl"
            ],
            "Effect": "Allow",
            "Resource": ${buckets_names_mix}
        },
        {
            "Action": [
                "s3:ListBucket",
                "s3:PutObject",
                "s3:GetObject",
                "s3:DeleteObject",
                "s3:*Object*",
                "s3:PutObjectAcl"
            ],
            "Effect": "Allow",
            "Resource": ${pulse_buckets_names_mix}
        },        
        {
            "Sid": "AllowSSMGetParameter",
            "Action": [
                "ssm:GetParameter"
            ],
            "Effect": "Allow",
            "Resource": "arn:aws:ssm:us-west-2:${account_id}:parameter/service/databricks/*"
        },
        {
            "Sid": "AllowDecrypt",
            "Action": [
                "kms:Decrypt"
            ],
            "Effect": "Allow",
            "Resource": "arn:aws:kms:${region}:${account_id}:key/${kms_alias}"
        },
        {
            "Sid": "SecretsManagerGet",
            "Effect": "Allow",
            "Action": [
                "secretsManager:GetSecretValue"
            ],
            "Resource": ${secrets_name}
        }
    ]
}