{
    "Version": "2012-10-17",
    "Statement": [
      {
          "Effect": "Allow",
          "Action": [
            "ecs:RunTask"
          ],
          "Resource": [
            "arn:aws:ecs:${region}:${account_id}:task-definition/*"
          ],
          "Condition": {
            "ArnLike": {
              "ecs:cluster": "arn:aws:ecs:${region}:${account_id}:cluster/pulse-cluster"
            }
          }
      },
      {
          "Effect": "Allow",
          "Action": "iam:PassRole",
          "Resource": [
            "*"
          ],
          "Condition": {
            "StringLike": {
              "iam:PassedToService": "ecs-tasks.amazonaws.com"
            }
          }
      }
    ]
}