{
    "Version": "2012-10-17",
    "Statement": [
        {
            "Sid": "AllowGetObjectForBuckets",
            "Effect": "Allow",
            "Action": [
                "s3:GetObject",
                "s3:ListBucket",
                "s3:RestoreObject"
            ],
            "Resource": [
                "arn:aws:s3:::feedwatch.10.0.db.backups",
                "arn:aws:s3:::feedwatch.10.0.db.backups/*",
                "arn:aws:s3:::feedwatch.7.files",
                "arn:aws:s3:::feedwatch.7.files/*",
                "arn:aws:s3:::feedwatch.8.1.db.backups",
                "arn:aws:s3:::feedwatch.8.1.db.backups/*",
                "arn:aws:s3:::feedwatch.9.0.db.backups",
                "arn:aws:s3:::feedwatch.9.0.db.backups/*",
                "arn:aws:s3:::vas.builds",
                "arn:aws:s3:::vas.builds/*",
                "arn:aws:s3:::feedwatch-dev-test",
                "arn:aws:s3:::feedwatch-dev-test/*"
            ]
        },
        {
            "Sid": "AllowListBuckets",
            "Effect": "Allow",
            "Action": "s3:ListAllMyBuckets",
            "Resource": "*"
        }
    ]
}