{
  "Version": "2012-10-17",
  "Statement": [
    {
      "Sid": "AllowActionsToSourceBuckets",
      "Effect": "Allow",
      "Action": [
        "s3:GetObject*",
        "s3:InitiateReplication",
        "s3:GetReplicationConfiguration",
        "s3:PutInventoryConfiguration"
      ],
      "Resource": ${jsonencode(flatten([for bucket in source_buckets : ["arn:aws:s3:::${bucket}", "arn:aws:s3:::${bucket}/*"]]))}
    },
    {
      "Sid": "AllowActionsToDestinationBuckets",
      "Effect": "Allow",
      "Action": [
        "s3:ReplicateObject",
        "s3:ReplicateDelete",
        "s3:ReplicateTags",
        "s3:PutObject",
        "s3:PutObjectAcl",
        "s3:PutObjectTagging"
      ],
      "Resource": ${jsonencode([for bucket in destination_buckets : "arn:aws:s3:::${bucket}/*"])}
    },
    {
      "Sid": "S3BatchOperationsPermissions",
      "Effect": "Allow",
      "Action": [
        "s3:List*",
        "s3:CreateJob",
        "s3:PutJobTagging",
        "s3:UpdateJobPriority",
        "s3:UpdateJobStatus"
      ],
      "Resource": "*"
    }
  ]
}
