{
  "Version": "2012-10-17",
  "Statement": [
    {
      "Sid": "ReadDeleteFromQuarantineBucket",
      "Effect": "Allow",
      "Action": ["s3:GetObject", "s3:ListBucket", "s3:DeleteObject"],
      "Resource":  ${jsonencode(flatten([for bucket in source_buckets : ["arn:aws:s3:::${bucket}", "arn:aws:s3:::${bucket}/*"]]))}
    },
    {
      "Sid": "WriteToCleanBucket",
      "Effect": "Allow",
      "Action": ["s3:PutObject", "s3:PutObjectAcl"],
      "Resource": ${jsonencode([for bucket in destination_buckets : "arn:aws:s3:::${bucket}/*"])}
    }
  ]
}
