{
    "Version": "2012-10-17",
    "Statement": [
        {
            "Sid": "PassRoleForEC2",
            "Effect": "Allow",
            "Action": "iam:PassRole",
            "Resource": "arn:aws:iam::${account_id}:role/pulse-databricks-ec2-instance-profile-role",
            "Condition": {
                "StringLike": {
                    "iam:PassedToService": "ec2.amazonaws.com"
                }
            }
        },
        {
            "Sid": "ParameterStoreFullAccess",
            "Effect": "Allow",
            "Action": [
                "ssm:PutParameter",
                "ssm:DeleteParameter",
                "ssm:GetParameterHistory",
                "ssm:GetParametersByPath",
                "ssm:GetParameters",
                "ssm:GetParameter",
                "ssm:DeleteParameters"
            ],
            "Resource": [
                "arn:aws:ssm:us-west-2:${account_id}:parameter/*"
            ]
        },
        {
            "Sid": "ParameterStoreFullAccess2",
            "Effect": "Allow",
            "Action": [
                "ssm:DescribeParameters"
            ],
            "Resource": [
                "*"
            ]
        }
    ]
}