{
    "Version": "2012-10-17",
    "Statement": [
        {
            "Sid": "PassRoleForEC2",
            "Effect": "Allow",
            "Action": "iam:PassRole",
            "Resource": "arn:aws:iam::362150186116:role/pulse-emr-data-ec2-instance-profile-role",
            "Condition": {
                "StringLike": {
                    "iam:PassedToService": "ec2.amazonaws.com"
                }
            }
        },
        {
            "Sid": "CreateInNetwork",
            "Effect": "Allow",
            "Action": [
                "ec2:CreateNetworkInterface",
                "ec2:RunInstances",
                "ec2:CreateFleet",
                "ec2:CreateLaunchTemplate",
                "ec2:CreateLaunchTemplateVersion"
            ],
            "Resource": [
                "arn:aws:ec2:*:*:subnet/subnet-015b12cfd7906196a",
                "arn:aws:ec2:*:*:security-group/sg-06da642500dd64ed7",
                "arn:aws:ec2:*:*:security-group/sg-0b43adc6e11290881",
                "arn:aws:ec2:*:*:security-group/sg-0d199bac70c596285"
            ]
        },
        {
            "Sid": "ManageSecurityGroups",
            "Effect": "Allow",
            "Action": [
                "ec2:AuthorizeSecurityGroupEgress",
                "ec2:AuthorizeSecurityGroupIngress",
                "ec2:RevokeSecurityGroupEgress",
                "ec2:RevokeSecurityGroupIngress"
            ],
            "Resource": [
                "arn:aws:ec2:*:*:security-group/sg-06da642500dd64ed7",
                "arn:aws:ec2:*:*:security-group/sg-0b43adc6e11290881",
                "arn:aws:ec2:*:*:security-group/sg-0d199bac70c596285"
            ]
        },
        {
            "Sid": "CreateDefaultSecurityGroupInVPC",
            "Effect": "Allow",
            "Action": [
                "ec2:CreateSecurityGroup"
            ],
            "Resource": [
                "arn:aws:ec2:*:*:vpc/vpc-023c3da54ce64fd4a"
            ]
        }
    ]
}