{
    "Version": "2012-10-17",
    "Statement": [
        {
            "Effect": "Allow",
            "Action": [
                "glue:*",
                "s3:GetBucketLocation",
                "s3:ListBucket",
                "s3:ListAllMyBuckets",
                "s3:GetBucketAcl",
                "ec2:DescribeVpcEndpoints",
                "ec2:DescribeRouteTables",
                "ec2:CreateNetworkInterface",
                "ec2:DeleteNetworkInterface",				
                "ec2:DescribeNetworkInterfaces",
                "ec2:DescribeSecurityGroups",
                "ec2:DescribeSubnets",
                "ec2:DescribeVpcAttribute",
                "iam:ListRolePolicies",
                "iam:GetRole",
                "iam:GetRolePolicy",
                "cloudwatch:PutMetricData"                
            ],
            "Resource": [
                "*"
            ]
        },
        {
            "Effect": "Allow",
            "Action": [
                "s3:GetObject",
                "s3:PutObject",
                "s3:DeleteObject"				
            ],
            "Resource": [
                "arn:aws:s3:::vas-data-repo-raw-us-west-2-data/*",
                "arn:aws:s3:::*/vas-data-repo-raw-us-west-2-data/*",
                "arn:aws:s3:::vas-data-repo-processed-us-west-2-data/*",
                "arn:aws:s3:::*/vas-data-repo-processed-us-west-2-data/*",
                "arn:aws:s3:::vas-data-scripts-us-west-2-data/*",
                "arn:aws:s3:::vas-data-scripts-us-west-2-data"
            ]
        },
        {
            "Effect": "Allow",
            "Action": [
                "s3:GetObject"
            ],
            "Resource": [
                "arn:aws:s3:::vas-data-repo-raw-us-west-2-data",
                "arn:aws:s3:::vas-data-repo-processed-us-west-2-data"
            ]
        },
        {
            "Effect": "Allow",
            "Action": [
                "logs:CreateLogGroup",
                "logs:CreateLogStream",
                "logs:PutLogEvents",
                "logs:AssociateKmsKey"                
            ],
            "Resource": [
                "arn:aws:logs:*:*:log-group:/aws-glue/*"
            ]
        },
        {
            "Effect": "Allow",
            "Action": [
                "ec2:CreateTags",
                "ec2:DeleteTags"
            ],
            "Condition": {
                "ForAllValues:StringEquals": {
                    "aws:TagKeys": [
                        "aws-glue-service-resource"
                    ]
                }
            },
            "Resource": [
                "arn:aws:ec2:*:*:network-interface/*",
                "arn:aws:ec2:*:*:security-group/*",
                "arn:aws:ec2:*:*:instance/*"
            ]
        }
    ]
}