{
    "Version": "2012-10-17",
    "Statement": [
        {
            "Effect": "Allow",
            "Action": [
                "kms:Decrypt",
                "kms:DescribeKey",
                "kms:GenerateDataKey"
            ],
            "Resource": [
                "arn:aws:kms:${region}:${account_id}:key/${kms_alias}"
            ]
        },
        {
            "Effect": "Allow",
            "Action": [
                "s3:ListBucket",
                "s3:GetBucketLocation"
            ],
            "Resource": ${buckets_names_list}
        },
        {
            "Effect": "Allow",
            "Action": [
                "s3:GetObjectMetaData",
                "s3:GetObject",
                "s3:PutObject",
                "s3:ListMultipartUploadParts",
                "s3:AbortMultipartUpload"
            ],
            "Resource": ${buckets_names_content}
        }
    ]
}