{
    "Version": "2012-10-17",
    "Statement": [
        {
            "Effect": "Allow",
            "Action": [
                "logs:CreateLogStream",
                "logs:CreateLogGroup",
                "logs:PutLogEvents"
            ],
            "Resource": "arn:aws:logs:${region}:${account_id}:log-group:/aws/lambda/developer-api-*",
            "Condition": {
                "StringEquals": {
                    "aws:ResourceTag/service": "developer-api-developer-api"
                }
            }
        },
        {
            "Effect": "Allow",
            "Action": [
                "xray:PutTraceSegments",
                "xray:PutTelemetryRecords"
            ],
            "Resource": "*"
        },
        {
            "Effect": "Allow",
            "Action": [
                "secretsManager:GetSecretValue"
            ],
            "Resource": ${secrets_name}
        }
    ]
}
