{
    "Version": "2012-10-17",
    "Statement": [
        {
            "Action": [
                "logs:CreateLogGroup",
                "logs:CreateLogStream"
            ],
            "Resource": [
                "arn:aws:logs:${region}:${account_id}:log-group:/aws/lambda/aggregators-*:*"
            ],
            "Effect": "Allow"
        },
        {
            "Action": [
                "logs:PutLogEvents"
            ],
            "Resource": [
                "arn:aws:logs:${region}:${account_id}:log-group:/aws/lambda/aggregators-*:*:*"
            ],
            "Effect": "Allow"
        },
        {
            "Sid": "SecretsManagerGet",
            "Effect": "Allow",
            "Action": [
                "secretsManager:GetSecretValue"
            ],
            "Resource": ${secrets_name}
        },
        {
            "Sid": "SNSPublish",
            "Action": [
                "sns:Publish"
            ],
            "Resource": ${sns_topics_list},
            "Effect": "Allow"
        },
        {
            "Sid": "CrossAccountSNSPublish",
            "Action": [
                "sns:Publish"
            ],
            "Resource": ${jsonencode(flatten([for topic in cross_topic_list : ["arn:aws:sns:${region}:${cross_messaging_account}:${topic}"]]))},
            "Effect": "Allow"
        },
        {
            "Sid": "SQSReceive",
            "Action": [
                "sqs:ReceiveMessage",
                "sqs:DeleteMessage",
                "sqs:GetQueueAttributes"
            ],
            "Resource": ${sqs_queues_list},
            "Effect": "Allow"
        },
        {
            "Sid": "CrossAccountSQSReceive",
            "Action": [
                "sqs:ReceiveMessage",
                "sqs:DeleteMessage",
                "sqs:GetQueueAttributes"
            ],
            "Resource": ${jsonencode(flatten([for queue in cross_queue_list : ["arn:aws:sqs:${region}:${cross_messaging_account}:${queue}"]]))},
            "Effect": "Allow"
        },
        {
            "Sid": "S3Actions",
            "Action": [
                "s3:GetObject",
                "s3:DeleteObject"
            ],
            "Resource": ${buckets_names_content},
            "Effect": "Allow"
        }
    ]
}