{
  "Version": "2012-10-17",
  "Statement": ${jsonencode(flatten([
  [
    {
      "Sid": "PassRole",
      "Effect": "Allow",
      "Action": ["iam:PassRole"],
      "Resource": ["arn:aws:iam::${account_id}:role/pulse-sls-deployment-role"],
      "Condition": {
        "ForAnyValue:StringEquals": {
          "iam:PassedToService": [
            "lambda.amazonaws.com",
            "cloudformation.amazonaws.com"
          ]
        }
      }
    },
    {
      "Sid": "ApiGwUpdates",
      "Effect": "Allow",
      "Action": [
        "apigateway:GET",
        "apigateway:PATCH",
        "apigateway:PUT",
        "apigateway:POST"
      ],
      "Resource":  "*"
    },
    {
      "Sid": "ListStacks",
      "Effect": "Allow",
      "Action": ["cloudformation:DescribeStacks"],
      "Resource": ["arn:aws:cloudformation:*:${account_id}:stack/*"],
      "Condition": {
        "StringEquals": {
          "aws:ResourceTag/team": "${team_name}"
        }
      }
    },
    {
      "Sid": "CloudformationValidateTemplate",
      "Action": "cloudformation:ValidateTemplate",
      "Effect": "Allow",
      "Resource": "*"
    },
    {
      "Sid": "CloudformationPerms",
      "Effect": "Allow",
      "Action": ["cloudformation:*"],
      "Resource": "*"
    },
    {
      "Sid": "LambdaPermissions",
      "Effect": "Allow",
      "Action": [
        "lambda:ListAliases",
        "lambda:ListVersionsByFunction",
        "lambda:DeleteFunction",
        "lambda:GetFunction",
        "lambda:UpdateFunctionCode",
        "lambda:UpdateFunctionConfiguration",
        "Lambda:ListTags"
      ],
      "Resource": ["arn:aws:lambda:${region}:${account_id}:function:*"],
    },
    {
      "Sid": "AllowListAllLambdaLayers",
      "Effect": "Allow",
      "Action": "lambda:ListLayerVersions",
      "Resource": "arn:aws:lambda:*:${account_id}:layer:*"
    }
  ],
  secret_arns != null ? [{
      "Sid": "AllowListAllSecrets",
      "Effect": "Allow",
      "Action": "secretsmanager:ListSecrets",
      "Resource": secret_arns
    }
    ] : [],
  secret_names != null ? [{
      "Sid": "AllowSpecificSecretsViaParameter",
      "Effect": "Allow",
      "Action": ["ssm:GetParameter"],
      "Resource": [for secret_name in secret_names : "arn:aws:ssm:${main_region}:${account_id}:parameter/aws/reference/secretsmanager/${secret_name}/${environment}"]
    }
    ] : [],
  pulse_buckets_names != null ? [{
      "Sid": "S3deploymentBucketsListBucket",
      "Effect": "Allow",
      "Action": [
        "s3:ListBucket",
        "s3:GetBucketLocation"
      ],
      "Resource": flatten([for bucket_name in pulse_buckets_names : ["arn:aws:s3:::${bucket_name}-${main_region}-${environment}"]])
    },
    {
      "Sid": "S3deploymentBuckets",
      "Effect": "Allow",
      "Action": [
        "s3:GetObject",
        "s3:PutObject"
      ],
      "Resource": flatten([for bucket_name in pulse_buckets_names : ["arn:aws:s3:::${bucket_name}-${main_region}-${environment}/*"]])
    }
    ] : [],
  ]))}
}