{
  "Version": "2012-10-17",
  "Statement": [
    {
      "Sid": "ApiGwReadOnly",
      "Effect": "Allow",
      "Action": [
        "apigateway:GET"
      ],
      "Resource": [
        "arn:aws:apigateway:*::/*"
      ]
    },
    {
      "Sid": "CloudformationReadOnly",
      "Effect": "Allow",
      "Action": [
        "cloudformation:Describe*",
        "cloudformation:Get*",
        "cloudformation:List*",
        "cloudformation:Detect*"
      ],
      "Resource": [
        "arn:aws:cloudformation:*::stack/*"
      ],
      "Condition": {
        "StringEquals": {
          "aws:ResourceTag/team": "${team_name}"
        }
      }
    },
    {
      "Sid": "LambdaPermissions",
      "Effect": "Allow",
      "Action": [
        "lambda:Get*",
        "lambda:List*",
        "lambda:InvokeFunction"
      ],
      "Resource": [
        "*"
      ]
    },
    {
      "Sid": "SQSPermissions",
      "Effect": "Allow",
      "Action": [
        "sqs:Get*",
        "sqs:List*",
        "sqs:SendMessage",
        "sqs:ReceiveMessage"
      ],
      "Resource": [
        "*"
      ]
    },
    {
      "Sid": "SNSPermissions",
      "Effect": "Allow",
      "Action": [
        "sns:Get*",
        "sns:List*",
        "sns:Publish"
      ],
      "Resource": [
        "*"
      ]
    },
    {
      "Sid": "S3ObjectPermissions",
      "Effect": "Allow",
      "Action": [
          "s3:GetObject",
          "s3:PutObject",
          "s3:DeleteObject",
          "s3:GetBucketLocation"
      ],
      "Resource": ${jsonencode(concat(jsondecode(pulse_buckets_names_content), jsondecode(buckets_names_content)))}
  },
  {
      "Sid": "S3ListBucketPermissions",
      "Effect": "Allow",
      "Action": [
          "s3:ListBucket"
      ],
      "Resource": ${jsonencode(concat(jsondecode(pulse_buckets_names_list), jsondecode(buckets_names_list)))}
  },
  {
      "Sid": "AllowBucketListing",
      "Effect": "Allow",
      "Action": "s3:ListAllMyBuckets",
      "Resource": "*"
  }
  ]
}