{
    "Version": "2012-10-17",
    "Statement": [
        {
            "Sid": "AccessToCloudformation",
            "Effect": "Allow",
            "Action": "cloudformation:*",
            "Resource": "*",
            "Condition": {
                "StringEquals": {
                    "aws:ResourceTag/team": "${resource_tag_team}"
                }
            }
        },
        {
            "Sid": "DescribeCloudformation",
            "Effect": "Allow",
            "Action": "cloudformation:DescribeStacks",
            "Resource": "*"
        },
        {
            "Sid": "AccessToCloudformationForStackResources",
            "Effect": "Allow",
            "Action": [
                "cloudformation:CreateChangeSet",
                "cloudformation:DeleteChangeSet",
                "cloudformation:DescribeChangeSet",
                "cloudformation:DescribeStackEvents",
                "cloudformation:ExecuteChangeSet"
            ],
            "Resource": ${cloud_formation_stacks_list}
        }
    ]
}