{
    "Version": "2012-10-17",
    "Statement": [
        {
            "Sid": "IAMDeleteDetachAndPutRolePolicyForLambdaRole",
            "Effect": "Allow",
            "Action": [
                "iam:DetachRolePolicy",
                "iam:DeleteRolePolicy",
                "iam:PutRolePolicy"
            ],
            "Resource": "arn:aws:iam::${account_id}:role/*${environment}-${region}-lambdaRole"
        },
        {
            "Sid": "IAMDeleteDetachAndPutRolePolicyForTaggedTeam",
            "Effect": "Allow",
            "Action": [
                "iam:DeleteRole",
                "iam:DeleteRolePolicy",
                "iam:DetachRolePolicy",
                "iam:PutRolePolicy"
            ],
            "Resource": "*",
            "Condition": {
                "StringEquals": {
                    "aws:ResourceTag/team": "${resource_tag_team}"
                }
            }
        }
    ]
}