{
    "Version": "2012-10-17",
    "Statement": [
        {
            "Sid": "S3AccessForBucket",
            "Effect": "Allow",
            "Action": [
                "s3:DeleteObject",
                "s3:DeleteObjectVersion",
                "s3:GetBucketAcl",
                "s3:GetBucketLocation",
                "s3:GetObject",
                "s3:GetObjectAcl",
                "s3:GetObjectTagging",
                "s3:ListAllMyBuckets",
                "s3:ListBucket",
                "s3:PutBucketAcl",
                "s3:PutObject",
                "s3:PutObjectAcl"
            ],
            "Resource": ${pulse_buckets_names_mix}
        }
    ]
}