{
    "Version": "2012-10-17",
    "Statement": [
        {
            "Sid": "SecretsManagerGetAndDescribe",
            "Effect": "Allow",
            "Action": [
                "secretsmanager:DescribeSecret",
                "secretsmanager:GetResourcePolicy",
                "secretsmanager:GetSecretValue",
                "secretsmanager:ListSecretVersionIds"
            ],
            "Resource": "arn:aws:secretsmanager:${region}:${account_id}:secret:*",
            "Condition": {
                "StringEquals": {
                    "aws:ResourceTag/team": "${resource_tag_team}"
                }
            }
        },
        {
            "Effect": "Allow",
            "Action": "secretsmanager:ListSecrets",
            "Resource": "*"
        }
    ]
}