{
    "Version": "2012-10-17",
    "Statement": [
        {
            "Sid": "SNSAccess",
            "Effect": "Allow",
            "Action": [
                "sns:ConfirmSubscription",
                "sns:GetSubscriptionAttributes",
                "sns:GetTopicAttributes",
                "sns:ListSubscriptions",
                "sns:ListSubscriptionsByTopic",
                "sns:ListTopics",
                "sns:Publish",
                "sns:SetTopicAttributes",
                "sns:Subscribe",
                "sns:Unsubscribe"
            ],
            "Resource": "*",
            "Condition": {
                "StringEquals": {
                    "aws:ResourceTag/team": "${resource_tag_team}"
                }
            }
        },
        {
            "Sid": "CreateSNSTopics",
            "Effect": "Allow",
            "Action": [
                "sns:ListTopics"
            ],
            "Resource": "*"
        }
    ]
}