{
  "rules": [
    {
      "rule-type": "selection",
      "rule-id": "1000",
      "rule-name": "creameriesDB",
      "object-locator": {
        "schema-name": "creameriesDB",
        "table-name": "%"
      },
      "rule-action": "include"
    },
    {
      "rule-type": "selection",
      "rule-id": "2000",
      "rule-name": "activitiesDB",
      "object-locator": {
        "schema-name": "activitiesDB",
        "table-name": "%"
      },
      "rule-action": "include"
    },
    {
      "rule-type": "selection",
      "rule-id": "3000",
      "rule-name": "medicineDB",
      "object-locator": {
        "schema-name": "medicineDB",
        "table-name": "%"
      },
      "rule-action": "include"
    },
    {
      "rule-type": "selection",
      "rule-id": "4000",
      "rule-name": "currenciesDB",
      "object-locator": {
        "schema-name": "currenciesDB",
        "table-name": "%"
      },
      "rule-action": "include"
    }
  ]
}