{
    "rules": [
      {
        "rule-type": "selection",
        "rule-id": "230",
        "rule-name": "230",
        "object-locator": {
          "schema-name": "Feed",
          "table-name": "%"
        },
        "rule-action": "include",
        "filters": []
      },
      {
        "rule-type": "transformation",
        "rule-id": "9900",
        "rule-name": "add-sequential-id-column",
        "rule-target": "column",
        "object-locator": {
            "schema-name": "%",
            "table-name": "%"
        },
        "rule-action": "add-column",
        "value": "etl_sequence_id",
        "expression": "$AR_H_CHANGE_SEQ",
        "data-type": {
            "type": "string",
            "length": 50
        }
      },
      {
        "rule-type": "transformation",
        "rule-id": "9901",
        "rule-name": "add-commit-timestamp-column",
        "rule-target": "column",
        "object-locator": {
            "schema-name": "%",
            "table-name": "%"
        },
        "rule-action": "add-column",
        "value": "etl_timestamp",
        "expression": "$AR_H_COMMIT_TIMESTAMP",
        "data-type": {
            "type": "string",
            "length": 50
        }
      }
    ]
  }