{
    "rules": [
      {
        "rule-type": "selection",
        "rule-id": "230",
        "rule-name": "230",
        "object-locator": {
          "schema-name": "Ops",
          "table-name": "Dairies"
        },
        "rule-action": "include",
        "filters": []
      },
      {
        "rule-type": "selection",
        "rule-id": "240",
        "rule-name": "240",
        "object-locator": {
          "schema-name": "Herd",
          "table-name": "StoredItems"
        },
        "rule-action": "include",
        "filters": []
      },
      {
        "rule-type": "selection",
        "rule-id": "250",
        "rule-name": "250",
        "object-locator": {
          "schema-name": "Herd",
          "table-name": "CowEvents"
        },
        "rule-action": "include",
        "filters": []
      },
      {
        "rule-type": "selection",
        "rule-id": "260",
        "rule-name": "260",
        "object-locator": {
          "schema-name": "Herd",
          "table-name": "DairyCowIdentities"
        },
        "rule-action": "include",
        "filters": []
      },
      {
        "rule-type": "selection",
        "rule-id": "270",
        "rule-name": "270",
        "object-locator": {
          "schema-name": "Herd",
          "table-name": "CowTestDays"
        },
        "rule-action": "include",
        "filters": []
      },
      {
        "rule-type": "selection",
        "rule-id": "280",
        "rule-name": "280",
        "object-locator": {
          "schema-name": "Herd",
          "table-name": "Pens"
        },
        "rule-action": "include",
        "filters": []
      },
      {
        "rule-type": "selection",
        "rule-id": "290",
        "rule-name": "290",
        "object-locator": {
          "schema-name": "Herd",
          "table-name": "DairySires"
        },
        "rule-action": "include",
        "filters": []
      },
      {
        "rule-type": "selection",
        "rule-id": "300",
        "rule-name": "300",
        "object-locator": {
          "schema-name": "Herd",
          "table-name": "StudCodeCompanies"
        },
        "rule-action": "include",
        "filters": []
      },
      {
        "rule-type": "selection",
        "rule-id": "310",
        "rule-name": "310",
        "object-locator": {
          "schema-name": "Herd",
          "table-name": "HerdConfigurations"
        },
        "rule-action": "include",
        "filters": []
      },
      {
        "rule-type": "selection",
        "rule-id": "320",
        "rule-name": "320",
        "object-locator": {
          "schema-name": "Herd",
          "table-name": "DairyTechnicians"
        },
        "rule-action": "include",
        "filters": []
      },
      {
        "rule-type": "selection",
        "rule-id": "330",
        "rule-name": "330",
        "object-locator": {
          "schema-name": "Herd",
          "table-name": "CowPrevLacts"
        },
        "rule-action": "include",
        "filters": []
      },
      {
        "rule-type": "selection",
        "rule-id": "340",
        "rule-name": "340",
        "object-locator": {
          "schema-name": "Ops",
          "table-name": "Zones"
        },
        "rule-action": "include",
        "filters": []
      },
      {
        "rule-type": "selection",
        "rule-id": "350",
        "rule-name": "350",
        "object-locator": {
          "schema-name": "Herd",
          "table-name": "DairyInventories"
        },
        "rule-action": "include",
        "filters": []
      },
      {
        "rule-type": "selection",
        "rule-id": "360",
        "rule-name": "360",
        "object-locator": {
          "schema-name": "Herd",
          "table-name": "AnimalAncestry"
        },
        "rule-action": "include",
        "filters": []
      },
      {
        "rule-type": "selection",
        "rule-id": "370",
        "rule-name": "370",
        "object-locator": {
          "schema-name": "Ops",
          "table-name": "Addresses"
        },
        "rule-action": "include",
        "filters": []
      },
      {
        "rule-type": "selection",
        "rule-id": "380",
        "rule-name": "380",
        "object-locator": {
          "schema-name": "Herd",
          "table-name": "DairyActivityLogs"
        },
        "rule-action": "include",
        "filters": []
      },
      {
        "rule-type": "selection",
        "rule-id": "390",
        "rule-name": "390",
        "object-locator": {
          "schema-name": "Herd",
          "table-name": "DailyMilkings"
        },
        "rule-action": "include",
        "filters": []
      },
      {
        "rule-type": "selection",
        "rule-id": "400",
        "rule-name": "400",
        "object-locator": {
          "schema-name": "Herd",
          "table-name": "CowMilkWeekly"
        },
        "rule-action": "include",
        "filters": []
      },
      {
        "rule-type": "selection",
        "rule-id": "410",
        "rule-name": "410",
        "object-locator": {
          "schema-name": "Herd",
          "table-name": "DailyMilkingHistory"
        },
        "rule-action": "include",
        "filters": []
      },
      {
        "rule-type": "selection",
        "rule-id": "420",
        "rule-name": "420",
        "object-locator": {
          "schema-name": "Parlor",
          "table-name": "MilkPrices"
        },
        "rule-action": "include",
        "filters": []
      },
      {
        "rule-type": "selection",
        "rule-id": "430",
        "rule-name": "430",
        "object-locator": {
          "schema-name": "Parlor",
          "table-name": "MilkWeights"
        },
        "rule-action": "include",
        "filters": []
      },
      {
        "rule-type": "transformation",
        "rule-id": "9900",
        "rule-name": "add-sequential-id-column",
        "rule-target": "column",
        "object-locator": {
            "schema-name": "%",
            "table-name": "%"
        },
        "rule-action": "add-column",
        "value": "etl_sequence_id",
        "expression": "$AR_H_CHANGE_SEQ",
        "data-type": {
            "type": "string",
            "length": 50
        }
      },
      {
        "rule-type": "transformation",
        "rule-id": "9901",
        "rule-name": "add-commit-timestamp-column",
        "rule-target": "column",
        "object-locator": {
            "schema-name": "%",
            "table-name": "%"
        },
        "rule-action": "add-column",
        "value": "etl_timestamp",
        "expression": "$AR_H_COMMIT_TIMESTAMP",
        "data-type": {
            "type": "string",
            "length": 50
        }
      }
    ]
  }