{
    "Version": "2012-10-17",
    "Statement": [
        {
            "Sid": "AccessToAwsCloudwatchLogs",
            "Effect": "Allow",
            "Action": [
                "logs:DescribeLogGroups",
                "logs:FilterLogEvents"
            ],
            "Resource": [
                "arn:aws:logs:${region}:${account_id}:log-group:*"
            ]
        },
        {
            "Sid": "AccessToAwsCloudwatchLogsForQuery",
            "Effect": "Allow",
            "Action": [
                "logs:DescribeQueryDefinitions"
            ],
            "Resource": [
                "arn:aws:logs:${region}:${account_id}:log-group:*:log-stream:*"
            ]
        }
    ]
}