{
    "Version": "2012-10-17",
    "Statement": [
        {
            "Sid": "AllowsAwsCloudwatchLogs",
            "Effect": "Allow",
            "Action": [
                "logs:CreateLogGroup",
                "logs:DescribeLogStreams",
                "logs:GetLogEvents",
                "logs:PutRetentionPolicy"
            ],
            "Resource": [
                "arn:aws:logs:${region}:${account_id}:log-group:/aws/lambda/*",
                "arn:aws:logs:${region}:${account_id}:log-group:/aws/api-gateway/*",
                "arn:aws:logs:${region}:${account_id}:log-group:/fargate/service/*",
                "arn:aws:logs:${region}:${account_id}:log-group:/aws/http-api/*"
            ]
        },
        {
            "Sid": "AllowsDeletionOfAwsCloudwatchLogs",
            "Effect": "Allow",
            "Action": "logs:DeleteLogGroup",
            "Resource": [
                "arn:aws:logs:${region}:${account_id}:log-group:/aws/lambda/*",
                "arn:aws:logs:${region}:${account_id}:log-group:/aws/api-gateway/*",
                "arn:aws:logs:${region}:${account_id}:log-group:/aws/http-api/*"
            ]
        },
        {
            "Sid": "AccessAwsCloudwatchLogs",
            "Effect": "Allow",
            "Action": [
                "logs:CreateLogDelivery",
                "logs:DeleteLogDelivery",
                "logs:GetLogDelivery",
                "logs:ListLogDeliveries",
                "logs:UpdateLogDelivery"
            ],
            "Resource": "*"
        },
        {
            "Sid": "AccessToAwsCloudwatchLogs",
            "Effect": "Allow",
            "Action": [
                "logs:DescribeLogGroups",
                "logs:FilterLogEvents"
            ],
            "Resource": [
                "arn:aws:logs:${region}:${account_id}:log-group:*"
            ]
        },
        {
            "Sid": "AccessToAwsCloudwatchLogsForQuery",
            "Effect": "Allow",
            "Action": [
                "logs:DescribeQueryDefinitions"
            ],
            "Resource": [
                "arn:aws:logs:${region}:${account_id}:log-group:*:log-stream:*"
            ]
        }
    ]
}