{
    "Version": "2012-10-17",
    "Statement": [
        {
            "Sid": "AccessToRoute53",
            "Effect": "Allow",
            "Action": [
                "acm:ListCertificates",
                "apigateway:GET",
                "cloudfront:UpdateDistribution",
                "route53:ChangeResourceRecordSets",
                "route53:GetHostedZone",
                "route53:ListHostedZones",
                "route53:ListResourceRecordSets"
            ],
            "Resource": "*"
        },
        {
            "Sid": "AccessToApiGateway",
            "Effect": "Allow",
            "Action": [
                "apigateway:DELETE",
                "apigateway:GET",
                "apigateway:PATCH",
                "apigateway:POST"
            ],
            "Resource": "arn:aws:apigateway:${region}::/domainnames/${domain_url}"
        },
        {
            "Sid": "AllowsApiGatewayPost",
            "Effect": "Allow",
            "Action": "apigateway:POST",
            "Resource": "arn:aws:apigateway:${region}::/domainnames"
        },
        {
            "Sid": "AllowsApiGatewayPatch",
            "Effect": "Allow",
            "Action": [
                "apigateway:PATCH",
                "apigateway:UpdateRestApiPolicy"
            ],
            "Resource": "arn:aws:apigateway:${region}::/restapis/*"
        }
    ]
}