{
    "Version": "2012-10-17",
    "Statement": [
        {
            "Sid": "AllowsECSAndECRAccess",
            "Effect": "Allow",
            "Action": [
                "ecs:DescribeCapacityProviders",
                "ecs:DescribeCluster",
                "ecs:DescribeContainerInstances",
                "ecs:DescribeServices",
                "ecs:DescribeTaskSets",
                "ecs:DescribeTasks",
                "ecs:ListAttributes",
                "ecs:ListContainerInstances",
                "ecs:ListTagsForResource",
                "ecs:ListTasks",
                "ecs:TagResource",
                "ecs:UntagResource",
                "ecr:BatchCheckLayerAvailability",
                "ecr:BatchGetImage",
                "ecr:BatchGetRepositoryScanningConfiguration",
                "ecr:DescribeImageReplicationStatus",
                "ecr:DescribeImageScanFindings",
                "ecr:DescribeImages",
                "ecr:DescribeRepositories",
                "ecr:GetDownloadUrlForLayer",
                "ecr:GetLifecyclePolicy",
                "ecr:GetLifecyclePolicyPreview",
                "ecr:GetRepositoryPolicy",
                "ecr:ListImages",
                "ecr:ListTagsForResource",
                "ecr:ListTagsForResource",
                "ecr:TagResource",
                "ecr:UntagResource"
            ],
            "Resource": [
                "arn:aws:ecs:*:${account_id}:container-instance/*/*",
                "arn:aws:ecs:*:${account_id}:task/*/*",
                "arn:aws:ecs:*:${account_id}:task-definition/*:*",
                "arn:aws:ecs:*:${account_id}:cluster/*",
                "arn:aws:ecs:*:${account_id}:task-set/*/*/*",
                "arn:aws:ecs:*:${account_id}:service/*/*",
                "arn:aws:ecs:*:${account_id}:capacity-provider/*",
                "arn:aws:ecr:*:${account_id}:repository/*"
            ]
        },
        {
            "Sid": "AllowsECSAndECRView",
            "Effect": "Allow",
            "Action": [
                "ecs:DescribeTaskDefinition",
                "ecs:DescribeTaskDefinitions",
                "ecs:ListAccountSettings",
                "ecs:ListClusters",
                "ecs:ListServices",
                "ecs:ListTaskDefinitionFamilies",
                "ecs:ListTaskDefinitions",
                "ecr:DescribePullThroughCacheRules",
                "ecr:DescribeRegistry",
                "ecr:GetAuthorizationToken",
                "ecr:GetRegistryPolicy",
                "ecr:GetRegistryScanningConfiguration"
            ],
            "Resource": "*"
        }
    ]
  }
