{
    "Version": "2012-10-17",
    "Statement": [
        {
            "Sid": "IAMAccess",
            "Effect": "Allow",
            "Action": [
                "iam:AttachRolePolicy",
                "iam:CreateRole",
                "iam:DeleteRole",
                "iam:DetachRolePolicy",
                "iam:PutRolePolicy"
            ],
            "Resource": [
                "arn:aws:iam::${account_id}:role/integrations-*",
                "arn:aws:iam::${account_id}:role/developer-api-*",
                "arn:aws:iam::${account_id}:role/shared-*"
            ]
        }
    ]
}