{
    "Version": "2012-10-17",
    "Statement": [
        {
            "Sid": "S3Access",
            "Effect": "Allow",
            "Action": [
                "s3:CreateBucket",
                "s3:DeleteBucket",
                "s3:DeleteBucketPolicy",
                "s3:DeleteObject",
                "s3:GetAccelerateConfiguration",
                "s3:GetBucketLocation",
                "s3:GetBucketPublicAccessBlock",
                "s3:GetBucketTagging",
                "s3:GetBucketVersioning",
                "s3:GetObject",
                "s3:GetObjectAttributes",
                "s3:GetObjectVersion",
                "s3:ListBucket",
                "s3:PutObject"
            ],
            "Resource": ${pulse_buckets_names_mix}       
        }
    ]
}

