{
    "Version": "2012-10-17",
    "Statement": [
        {
            "Sid": "S3Access",
            "Effect": "Allow",
            "Action": [
                "s3:GetAccessPoint",
                "s3:GetAccessPointConfigurationForObjectLambda",
                "s3:GetAccessPointPolicy",
                "s3:GetAccessPointPolicyForObjectLambda",
                "s3:GetAccessPointPolicyStatus",
                "s3:GetAccessPointPolicyStatusForObjectLambda",
                "s3:GetAccountPublicAccessBlock",
                "s3:GetAnalyticsConfiguration",
                "s3:GetBucketAcl",
                "s3:GetBucketCORS",
                "s3:GetBucketLocation",
                "s3:GetBucketLogging",
                "s3:GetBucketNotification",
                "s3:GetBucketObjectLockConfiguration",
                "s3:GetBucketOwnershipControls",
                "s3:GetBucketPolicy",
                "s3:GetBucketPolicyStatus",
                "s3:GetBucketPublicAccessBlock",
                "s3:GetBucketRequestPayment",
                "s3:GetBucketTagging",
                "s3:GetBucketVersioning",
                "s3:GetBucketWebsite",
                "s3:GetEncryptionConfiguration",
                "s3:GetIntelligentTieringConfiguration",
                "s3:GetInventoryConfiguration",
                "s3:GetJobTagging",
                "s3:GetLifecycleConfiguration",
                "s3:GetMetricsConfiguration",
                "s3:GetMultiRegionAccessPoint",
                "s3:GetMultiRegionAccessPointPolicy",
                "s3:GetMultiRegionAccessPointPolicyStatus",
                "s3:GetObject",
                "s3:GetObjectAcl",
                "s3:GetObjectAttributes",
                "s3:GetObjectLegalHold",
                "s3:GetObjectRetention",
                "s3:GetObjectTagging",
                "s3:GetObjectTorrent",
                "s3:GetObjectVersion",
                "s3:GetObjectVersionAcl",
                "s3:GetObjectVersionAttributes",
                "s3:GetObjectVersionForReplication",
                "s3:GetObjectVersionTagging",
                "s3:GetObjectVersionTorrent",
                "s3:GetReplicationConfiguration",
                "s3:GetStorageLensConfiguration",
                "s3:GetStorageLensConfigurationTagging",
                "s3:GetStorageLensDashboard",
                "s3:ListAccessPoints",
                "s3:ListAccessPointsForObjectLambda",
                "s3:ListAllMyBuckets",
                "s3:ListBucket",
                "s3:ListBucketMultipartUploads",
                "s3:ListBucketVersions",
                "s3:ListJobs",
                "s3:ListMultipartUploadParts",
                "s3:ListMultiRegionAccessPoints",
                "s3:ListStorageLensConfigurations",
                "s3:DescribeJob"
            ],
            "Resource": ${pulse_buckets_names_mix}
        }
    ]
}